trk_id;str_to_translate;context;fr_FR; es_ES; it_IT; de_DE
343101;"""Achoo!""";"MU_Common_SneezerShroom;MU_Rare_SneezerShroom";;;;
343128;"""All right, lad, show me what you’ve learned.""";BR_Common_HavenTrainee;;;;
343081;"""Chin up and stand tall. You’re shieldbearers of the Aegis now!""";"OD_Common_OrdisTrooper;OD_Rare_OrdisTrooper";;;;
343027;"""Don't just wait for magic to happen. Go out and make your own!""";LY_Rare_KadigiranMageDancer;;;;
343093;"""Dosukoi! Let’s put it in the ground!""";"MU_Common_ConiferalConeman;MU_Rare_ConiferalConeman";;;;
343126;"""I only feel alive when I hear the wind whistling in my ears.""";"BR_Common_BravosTracer;BR_Rare_BravosTracer";;;;
343060;"""I’ve a feeling we’re not in Kansas anymore.""";"YZ_Common_DorothyGale;YZ_Rare_DorothyGale;BR_Rare_DorothyGale";;;;
343062;"""One day, I will show you the wonders of Avalon and the true might of the Fae realms.""";YZ_Common_LadyoftheLake;;;;
343057;"""One good turn deserves another.""";"YZ_Common_Alice;YZ_Rare_Alice";;;;
343121;"""Pom! Pompoko, pom!""";"LY_Common_Tanuki;LY_Rare_Tanuki";;;;
343131;"""Push through the pain. Giving up would hurt far more.""";BR_Common_Kappa;;;;
317777;"""Restart turn"" and ""Undo last step"" buttons";Altered;;;;
343071;"""Show me those pearly whites.""";YZ_Rare_ToothFairy;;;;
343124;"""Stay on the path, they say. I make my own path!""";BR_Common_BravosPathfinder;;;;
343151;"""Suspira's mines will soon run dry. Your precious Kelon will run dry.""";AX_Rare_KelonicGenerator;;;;
343070;"""The form has been filled out incorrectly. Please make a new appointment tomorrow.""";YZ_Rare_MonolithArchivist;;;;
343138;"""The most effective way to do it, is to do it.""";AX_Common_AmeliaEarhart;;;;
343146;"""This material does not seem to be affected by gravity. By harnessing the properties of this Aerolith, we could create flying ships and cities, and fly close to the clouds...""";"AX_Common_JianAssemblyOverseer;AX_Rare_JianAssemblyOverseer";;;;
343096;"""Want to play a game of headman-hunter-fox with me? I promise not to cheat!""";MU_Common_Kitsune;;;;
343099;"""We are the sentinels of the Skein, always keeping a finger on the pulse of nature.""";MU_Common_MunaDruid;;;;
341686;#$[TOUGH_1].#;BR_Rare_Shenlong;;;;
341687;#{1}#, {T} : Draw a card.;AX_Rare_KelonicGenerator;;;;
339760;#{D} : Activate the {j} triggers of target Permanent you control.# (Discard me from Reserve to do this.);AX_Rare_JianAssemblyOverseer;;;;
340302;#{D} : Draw a card.# (Discard me from Reserve to do this.);YZ_Rare_Sakarabru;;;;
327547;#{D} : The next Character you play this turn costs {1} less.# (Discard me from your Reserve to activate this effect);OD_Rare_Ozma;;;;
340308;#{D} : The next Character you play this turn gains 1 boost.# (Discard me from Reserve to do this.);"MU_Rare_MeditationTraining;BR_Rare_HavenWarrior";;;;
340312;#{D} : The next Permanent you play this turn costs {1} less.# (Discard me from Reserve to do this.);AX_Rare_FrogPrince;;;;
327599;#{D} : The next Permanent you play this turn costs {1} less.# (Discard me from your Reserve to activate this effect);AX_Rare_ThreeLittlePigs;;;;
341260;#{H} If you control a token, $[RESUPPLY].#;OD_Rare_MonolithRuneScribe;;;;
341674;#{J} [RESUPPLY].#  If you would #$[RESUPPLY], instead, reveal the top two cards of your deck. Put one in Reserve, and discard the other.#;AX_Rare_TheOuroborosLyraBastion;;;;
327564;#{J}# $[RESUPPLY].;LY_Rare_Esmeralda;;;;
343108;#{J}# Target Character gains [ANCHORED]. (During Rest, it doesn't go to Reserve and it loses Anchored.);MU_Rare_Parvati;;;;
339731;#{J}# You may send target Character to Reserve.;YZ_Rare_DorothyGale;;;;
342636;$[DEFENDER].;YZ_Rare_MonolithArchivist;;;;
336477;$[FLEETING].  $[SABOTAGE], then $[RESUPPLY].;YZ_Common_SpyCraft;;;;
336482;$[FLEETING].  Characters you control gain 1 boost$[BB]. (Cards in Reserve are not controlled.);OD_Common_Charge;;;;
336523;$[FLEETING].  Choose one:  • Discard target [FLEETING_CHAR], [ANCHORED] or [ASLEEP] Character.  • Discard target Permanent.;LY_Common_ClothCocoon;;;;
339754;$[FLEETING].  Choose one:  • Send to Reserve target Character with Hand Cost {4} or less.  • Discard target Permanent with Hand Cost {4} or less.;AX_Common_KelonBurst;;;;
339737;$[FLEETING].  Choose one:  • Send to Reserve target Character with Hand Cost {4} or more.  • Discard target Permanent with Hand Cost {4} or more.;OD_Common_StickyNoteSeals;;;;
342632;$[FLEETING].  Discard target Character or Permanent.;YZ_Common_BanishingGate;;;;
336573;$[FLEETING].  Return target Character or Permanent with Hand Cost {4} or less to its owner's hand.;BR_Common_Intimidation;;;;
336539;$[FLEETING].  Reveal the top four cards of your Deck. Choose up to two Characters from these cards and put them in your Expeditions. They gain [FLEETING]. Discard the other cards. (Don't activate any {h} triggers.);LY_Common_MindApotheosis;;;;
336471;$[FLEETING].  Send to Reserve up to three target Characters with a total Hand Cost {5} or less.;YZ_Common_KrakensWrath;;;;
343029;$[FLEETING].  You may discard a card from your Reserve to reduce my cost by #{1}#.  Return target Character or Permanent to the top of its owner's deck.;LY_Rare_PaintPrison;;;;
336549;$[FLEETING].  You may discard a card from your Reserve to reduce my cost by {2}.  Return target Character or Permanent to the top of its owner's deck.;LY_Common_PaintPrison;;;;
327569;$[GIGANTIC].;BR_Common_Atlas;;;;
336576;$[GIGANTIC].  $[TOUGH_X], where X is the numbers of regions between your Hero and Companion. (If they are adjacent, X equals 0.);BR_Common_KaibaraAsgarthanLeviathan;;;;
317543;${actplayer} can't take the mandatory action and must restart his turn or exchange/cook;Status bar (game state);;;;
323673;${actplayer} may discard ${n} card(s) from ${source} to ${destination};Status bar (game state);;;;
317533;${actplayer} may invoke ${tokenType};Status bar (game state);;;;
331149;${actplayer} may play ${card_name};Status bar (game state);;;;
331151;${actplayer} may play ${card_name} for free;Status bar (game state);;;;
317527;${actplayer} must choose an action or pass;Status bar (game state);;;;
317541;${actplayer} must choose exactly one effect;Status bar (game state);;;;
317539;${actplayer} must choose which effect to resolve;Status bar (game state);;;;
317535;${actplayer} must confirm or restart their turn;Status bar (game state);;;;
317537;${actplayer} must confirm the switch of player;Status bar (game state);;;;
317529;${actplayer} must discard ${n} card(s) from ${source} to ${destination};Status bar (game state);;;;
327509;${actplayer} must discard ${n} reserve card(s) and ${nLandmarks} landmark card(s);Status bar (game state);;;;
317674;${bonus_0} and ${bonus_1};Notifications;;;;
317675;${bonus_0}, ${bonus_1} and ${bonus_2};Notifications;;;;
336464;${card_name} gains ${increase} ${counterName};Notifications;;;;
317576;${card_name} gains ${n} ${power};Notifications;;;;
317574;${card_name} gains ${n} ${power} (${card_name2}'s effect);Notifications;;;;
317575;${card_name} gains ${power};Notifications;;;;
317573;${card_name} gains ${power} (${card_name2}'s effect);Notifications;;;;
317578;${card_name} looses ${n} ${power};Notifications;;;;
343033;${n} dice are added to the roll (Ouroboros Lyra Bastion's effect);RollDie;;;;
327601;${player_name} activates ${card_name} {J} effect;ActivateEffect;;;;
323685;${player_name} activates support effect of ${card_name} and discards it;Notifications;;;;
317558;${player_name} advances in ${expedition} expedition by winning in ${biome};Notifications;;;;
317557;${player_name} becomes First player;Notifications;;;;
317548;${player_name} choses ${n} card(s) as mana;"NewDayTrait;Discard";;;;
317562;${player_name} discards ${card_names};Notifications;;;;
324019;${player_name} discards ${card_names} (${n} card(s));"Notifications;Discard";;;;
317560;${player_name} discards ${card_names} and moves ${card_names2} to reserve;Notifications;;;;
341268;${player_name} discards ${card_names} as they are not targeted;Target;;;;
317563;${player_name} discards ${n} card(s);"Notifications;Discard";;;;
324022;${player_name} discards ${n} card(s) from the ${source};Discard;;;;
320921;${player_name} draws ${card_names} from his deck;Notifications;;;;
320920;${player_name} draws ${card_names} from its deck (${card_name2}'s effect);Player;;;;
341678;${player_name} draws ${card_names} from its deck and must keep 1 (${card_name2}'s effect combined with  The Ouroboros, Lyra Bastion);Resupply;;;;
336650;${player_name} draws ${n} card(s) and put them as mana;DrawMana;;;;
317567;${player_name} draws ${n} card(s) from its deck;Notifications;;;;
320123;${player_name} draws ${n} card(s) from its deck (${card_name2}'s effect);Player;;;;
317591;${player_name} draws ${n} scoring cards from the deck;Notifications;;;;
323686;${player_name} exhauts its deck and shuffle the discard;Notifications;;;;
323680;${player_name} expedition cannot move;Player;;;;
323687;${player_name} invokes ${card_name} in ${displayLocation} (${card_name2}'s effect);Notifications;;;;
317561;${player_name} moves ${card_names2} to reserve;Notifications;;;;
331153;${player_name} moves ${card_name} to opposite expedition (${card_name2}'s effect);Notifications;;;;
323681;${player_name} moves in ${expedition} due to ${card_name}'s effect;Notifications;;;;
317581;${player_name} passes and end its day;Notifications;;;;
317569;${player_name} pays ${amount} mana;Notifications;;;;
317570;${player_name} pays ${amount} mana for ${source};Notifications;;;;
331156;${player_name} pays {${cost}};Notifications;;;;
331155;${player_name} pays {${cost}} and taps ${card_name} to activate it's effect;Notifications;;;;
327521;${player_name} pays {${n}} and reduce by ${consume} the counter (${card_name}'s effect);Notifications;;;;
320922;${player_name} places ${card_names} from its deck to Reserve (${card_name2}'s effect);Resupply;;;;
317556;${player_name} places ${n} card(s) as mana;Notifications;;;;
317566;${player_name} places ${n} card(s) in his hand;Notifications;;;;
336463;${player_name} plays ${card_name} for ${cost};Notifications;;;;
323683;${player_name} plays ${card_name} for ${cost} and places it in ${displayLocation};Notifications;;;;
336462;${player_name} plays ${card_name} from Reserve for ${cost};Notifications;;;;
323682;${player_name} plays ${card_name} from Reserve for ${cost} and places it in ${displayLocation};Notifications;;;;
343021;${player_name} puts ${card_names} on top of its deck;Notifications;;;;
317754;${player_name} puts ${n} card(s) to players' hand;Discard;;;;
331154;${player_name} reduce by ${consume} the counter (${card_name}'s effect);Notifications;;;;
317551;${player_name} restarts their turn;Notifications;;;;
320417;${player_name} rolls ${roll_text} (${card_name2}'s effect);Notifications;;;;
317580;${player_name} taps ${card_name} to activate it's effect;Notifications;;;;
317577;${player_name} targets ${card_names} for ${card_name}'s effect;Notifications;;;;
328052;${player_name} targets ${card_names} for ${card_name}'s effect and pays {${n}} (Tough effect);Notifications;;;;
320902;${player_name} triggers After You effect (${card_name}'s effect);Notifications;;;;
320901;${player_name} triggers After You effect and pays ${cost} (${card_name}'s effect);Notifications;;;;
320897;${player_name} will play the faction ${faction_name} with the hero ${card_name};Notifications;;;;
336652;${player_name} wins the game with ${card_name}'s effect;SpecialEffect;;;;
323684;${player_name} wins the tiebreaker with ${n} attributes;Notifications;;;;
343019;${source}: ${actplayer} must choose 1 die result;Status bar (game state);;;;
343020;${source}: ${you} must choose 1 die result;Status bar (game state);;;;
317544;${you} can't take the mandatory action. Restart your turn or exchange/cook to make it possible;Status bar (game state);;;;
323674;${you} may discard ${n} card(s) from ${source} to ${destination};Status bar (game state);;;;
317534;${you} may invoke ${tokenType};Status bar (game state);;;;
331150;${you} may play ${card_name};Status bar (game state);;;;
331152;${you} may play ${card_name} for free;Status bar (game state);;;;
317528;${you} must choose an action or pass;Status bar (game state);;;;
317542;${you} must choose exactly one effect;Status bar (game state);;;;
317540;${you} must choose which effect to resolve;Status bar (game state);;;;
317536;${you} must confirm or restart your turn;Status bar (game state);;;;
317538;${you} must confirm the switch of player. You will not be able to restart turn;Status bar (game state);;;;
317530;${you} must discard ${n} card(s) from ${source} to ${destination};Status bar (game state);;;;
327510;${you} must discard ${n} reserve card(s) and ${nLandmarks} landmark card(s);Status bar (game state);;;;
317526;${you} must select 3 cards to discard as mana;Status bar (game state);;;;
317522;${you} must select the deck you want to play;Status bar (game state);;;;
336461;${you} must select the faction you want to play with;Status bar (game state);;;;
327563;(*He can't swim.*);LY_Common_TheHatter;;;;
336491;(If I leave the Expedition zone, remove me from the game.);"OD_Common_OrdisRecruit;BR_Common_Booda";;;;
336616;01010001 01110101 01100101 01100101 01101110 00100000 01101001 01101110 00100000 01000010 00101101 01001000 01101001 01110110 01100101;AX_Common_Brassbug;;;;
343110;100 crunches, 100 push-ups, 100 squats, a 10-km run and a desire to prove yourself. Just your typical morning of Bravos training.;"MU_Rare_PhysicalTraining;BR_Common_PhysicalTraining;BR_Rare_PhysicalTraining";;;;
343123;A Hero can practice Alteration through their Companion, no matter the distance between them.;BR_Common_Booda;;;;
343086;A beacon of knowledge and order, a lighthouse towering high above the world.;OD_Common_TheMonolithOrdisBastion;;;;
336675;A boost is a +1/+1/+1 counter. Remove it when it leaves the Expedition zone;Cards;;;;
336669;After You;Cards;;;;
336664;"Akesha ""the astute""";Altered;;;;
318080;Akesha & Taru;YZ_Common_AkeshaTaru;;;;
343061;Alchemy is not just a matter of turning lead to gold. It's about purifying yourself of imperfections to become your true self.;"YZ_Common_KadigiranAlchemist;YZ_Rare_KadigiranAlchemist";;;;
318083;Alice;"YZ_Common_Alice;YZ_Rare_Alice";;;;
318173;All In!;LY_Common_AllIn;;;;
317755;All players draw ${n} card(s);Draw;;;;
317559;All remaining cards of ${player_name} loose Anchored and Asleep;Notifications;;;;
317693;Allow ${player_name} to take a triggered action;AbstractNode;;;;
318226;Amelia Earhart;AX_Common_AmeliaEarhart;;;;
336661;Anchor and boost your allies over the long haul and reap the rewards of your good deeds.;Altered;;;;
336671;Anchored;Cards;;;;
343034;Anchored: during Rest, I don't go to Reserve and I lose Anchored.;Meeples;;;;
336673;Asleep;Cards;;;;
318175;Asmodeus;"LY_Common_Asmodeus;LY_Rare_Asmodeus";;;;
336644;At Noon — You may pay {1} and put a card from your hand in Reserve to create a [BRASSBUG] Robot token in target Expedition.;AX_Common_SubhashMarmo;;;;
343132;At Noon, if you are the first player — Create a [BOODA] Companion token in your Companion Expedition.;BR_Common_KojoBooda;;;;
343139;At Noon — $[RESUPPLY].;AX_Common_AxiomReprocessor;;;;
343077;At Noon — Create an [ORDIS_RECRUIT] Soldier token in your Companion Expedition.;OD_Common_OrdisCarrier;;;;
343082;At Noon — Create an [ORDIS_RECRUIT] Soldier token in your Hero Expedition.;OD_Common_SigismarWingspan;;;;
317724;Atlas;BR_Common_Atlas;;;;
318259;Axiom;"Statistics;Notifications;Stats;Altered;stats";;;;
318230;Axiom Reprocessor;AX_Common_AxiomReprocessor;;;;
318232;Axiom Salvager;AX_Common_AxiomSalvager;;;;
327581;Axiom Scrambler;"AX_Common_AxiomScrambler;AX_Rare_AxiomScrambler";;;;
342629;Baba Yaga;"YZ_Common_BabaYaga;YZ_Rare_BabaYaga";;;;
342631;Banishing Gate;YZ_Common_BanishingGate;;;;
343135;Be careful what you wish for. There are challenges that even the Bravos prefer to avoid.;BR_Rare_Shenlong;;;;
341262;Beauty Sleep;"YZ_Rare_BeautySleep;MU_Common_BeautySleep";;;;
320906;Board height;Altered;;;;
317727;Booda;BR_Common_Booda;;;;
336676;Booda 2/2/2;Cards;;;;
336677;Boosted;Cards;;;;
336678;Brassbug 2/2/2;Cards;;;;
318235;Brassbug Hive;"AX_Common_BrassbugHive;AX_Rare_BrassbugHive";;;;
327583;Brassbug Hub;AX_Common_BrassbugHub;;;;
317552;Bravos;"Statistics;Notifications;Stats;Altered;stats";;;;
318209;Bravos Pathfinder;BR_Common_BravosPathfinder;;;;
318211;Bravos Tracer;"BR_Common_BravosTracer;BR_Rare_BravosTracer";;;;
343153;COMPANION;Altered;;;;
317783;Cancel;"Altered;Game";;;;
318151;Cernunnos;MU_Common_Cernunnos;;;;
343119;Chaos can bring disappointment, sure, but it's also where ye'll find the most wonderfullest hidden gems!;LY_Common_NevenkaBlotch;;;;
336563;Character - Adventurer;"BR_Common_BravosPathfinder;BR_Common_BravosTracer;BR_Common_HavenBouncer;BR_Common_IssunBoshi;BR_Rare_BravosTracer;AX_Common_AmeliaEarhart";;;;
336570;Character - Apprentice;BR_Common_HavenTrainee;;;;
336521;Character - Artist;"MU_Rare_LyraClothDancer;LY_Common_Esmeralda;LY_Common_LyraChronicler;LY_Common_LyraClothDancer;LY_Common_LyraSkald;LY_Rare_Esmeralda";;;;
336526;Character - Artist Deity;LY_Common_Hathor;;;;
342635;Character - Bureaucrat;YZ_Rare_MonolithArchivist;;;;
339735;Character - Bureaucrat Noble;"OD_Common_FrogPrince;AX_Rare_FrogPrince";;;;
320904;Character - Citizen;"YZ_Common_Alice;YZ_Common_DorothyGale;YZ_Rare_Alice;YZ_Rare_DorothyGale;OD_Common_OrdisSpy;OD_Rare_OrdisSpy;LY_Common_OuroborosCroupier;LY_Common_OuroborosTrickster;LY_Rare_OuroborosTrickster;BR_Rare_DorothyGale";;;;
336476;Character - Deity;"YZ_Common_Sakarabru;YZ_Rare_Sakarabru;MU_Common_Inari;MU_Rare_Parvati;LY_Common_Asmodeus;LY_Rare_Asmodeus;BR_Common_SunWukong;BR_Rare_SunWukong";;;;
336590;Character - Dragon Deity;BR_Rare_Shenlong;;;;
336506;Character - Druid;"MU_Common_MunaDruid;MU_Common_YongSuVerdantWeaver;MU_Rare_YongSuVerdantWeaver";;;;
336497;Character - Druid Deity;MU_Common_Cernunnos;;;;
336593;Character - Elemental;AX_Common_KelonElemental;;;;
336600;Character - Engineer;"OD_Rare_FoundryMechanic;AX_Common_AxiomSalvager;AX_Common_AxiomScrambler;AX_Common_FoundryArmorer;AX_Common_FoundryMechanic;AX_Common_Frankenstein;AX_Common_JianAssemblyOverseer;AX_Common_ThreeLittlePigs;AX_Rare_AxiomScrambler;AX_Rare_FoundryMechanic;AX_Rare_JianAssemblyOverseer;AX_Rare_ThreeLittlePigs";;;;
336647;Character - Fairy;YZ_Rare_ToothFairy;;;;
336473;Character - Fairy Spirit;YZ_Common_LadyoftheLake;;;;
336470;Character - Mage;"YZ_Common_BabaYaga;YZ_Common_KadigiranAlchemist;YZ_Rare_BabaYaga;YZ_Rare_KadigiranAlchemist";;;;
336479;Character - Mage Apprentice;YZ_Common_StudiousDisciple;;;;
336480;Character - Mage Scholar;YZ_Common_YzmirStargazer;;;;
343026;Character - Mage Soldier;LY_Rare_KadigiranMageDancer;;;;
336586;Character - Messenger;"OD_Rare_Ratatoskr;BR_Common_Ratatoskr;BR_Rare_Ratatoskr";;;;
336499;Character - Plant;"MU_Common_ConiferalConeman;MU_Common_DaughterofYggdrasil;MU_Common_SneezerShroom;MU_Rare_ConiferalConeman;MU_Rare_SneezerShroom";;;;
336508;Character - Plant Animal;MU_Common_SpindleHarvesters;;;;
336518;Character - Scholar;"OD_Common_MonolithRuneScribe;OD_Rare_MonolithRuneScribe";;;;
327567;Character - Soldier;"OD_Common_JeannedArc;OD_Common_OrdisGatekeeper;OD_Common_OrdisTrooper;OD_Rare_JeannedArc;OD_Rare_OrdisTrooper;BR_Common_HavenWarrior;BR_Rare_HavenWarrior";;;;
336486;Character - Soldier Noble;"OD_Common_KakobaLegionCommander;OD_Rare_KakobaLegionCommander";;;;
336502;Character - Spirit;"MU_Common_Kitsune;LY_Common_Tanuki;LY_Rare_Tanuki";;;;
336579;Character - Spirit Trainer;BR_Common_Kappa;;;;
336555;Character - Titan;BR_Common_Atlas;;;;
343136;Characters you control have $[TOUGH_2]. (Cards in Reserve are not controlled.);BR_Rare_TheSpindleMunaBastion;;;;
318118;Charge!;OD_Common_Charge;;;;
317751;Choose an assignment;ChooseAssignment;;;;
336666;Choose your faction;Altered;;;;
336667;Choose your starting mana cards;Altered;;;;
317789;Companion side;Altered;;;;
323689;Companion's expedition;"Notifications;InvokeToken";;;;
317785;Confirm;"Altered;Game";;;;
317784;Confirm Mana;Altered;;;;
317797;Confirm discard;Cards;;;;
317793;Confirm target;Altered;;;;
317698;Coniferal Coneman;"MU_Common_ConiferalConeman;MU_Rare_ConiferalConeman";;;;
336655;Construct powerful machines and let their strength carry you to victory!;Altered;;;;
343089;Create #four# [ORDIS_RECRUIT] Soldier tokens, #distributed as you choose among any number of target Expeditions#.;OD_Rare_OpentheGates;;;;
343115;Dance is the language of the soul.;LY_Common_Hathor;;;;
318155;Daughter of Yggdrasil;MU_Common_DaughterofYggdrasil;;;;
341680;Decks;"Gameoptions;gameoptions";;;;
336679;Defender;Cards;;;;
341681;Demo decks;"Gameoptions;gameoptions";;;;
317517;Disabled;"Gameoptions;gamepreferences";;;;
341675;Discard ${card};Discard;;;;
327604;Discard of ${player_name};Cards;;;;
336693;Discard up to one target card from a Reserve.;Cards;;;;
317799;Display some settings about the game.;Game;;;;
317515;Display tooltips;gamepreferences;;;;
343098;Don't think you are, know you are.;"MU_Common_MeditationTraining;MU_Rare_MeditationTraining";;;;
318086;Dorothy Gale;"YZ_Common_DorothyGale;YZ_Rare_DorothyGale;BR_Rare_DorothyGale";;;;
317757;Draw ${n} card(s);Draw;;;;
336674;During Dusk, ignore my statistics. During Rest, I don't go to Reserve and I lose Asleep.;"Cards;Meeples";;;;
336672;During Rest, I don't go to Reserve and I lose Anchored.;Cards;;;;
336682;During Rest, I don't go to Reserve.;Cards;;;;
320899;Dusk phase is over, starting night phase;Notifications;;;;
343116;Eidolon or human, we are all shaped by stories. They're the building blocks of our identity. ;LY_Common_LyraChronicler;;;;
343114;Eidolon or not, you are our Shepherdess. You lead and we follow.;"LY_Common_Esmeralda;LY_Rare_Esmeralda";;;;
317516;Enabled;"Gameoptions;gamepreferences";;;;
317519;Enabled with timer;"Gameoptions;gamepreferences";;;;
317545;End of game;Status bar (game state);;;;
320898;End of the day: computing the progress on the storms;Notifications;;;;
336670;End your turn as if you had played a card. You may still play cards later this Day.;Cards;;;;
318180;Esmeralda;"LY_Common_Esmeralda;LY_Rare_Esmeralda";;;;
336681;Eternal;Cards;;;;
343134;Ever the trickster, always the rebel.;"BR_Common_SunWukong;BR_Rare_SunWukong";;;;
343072;Facing terrible odds and an unfathomably huge Leviathan, the Ordis legion charged nonetheless.;OD_Common_Charge;;;;
323678;Faction;"Statistics;stats";;;;
343133;Faster, ever faster! Our fire rages highest when the race is afoot! ;BR_Common_KojoBooda;;;;
336615;Few people visit the depths of the Foundry, and even fewer can explain how the Brassbugs came to be.;AX_Common_BrassbugHub;;;;
336683;Fleeting;Cards;;;;
317798;Fleeting: if I would be send to reserve, banish me instead.;Meeples;;;;
343083;Follow me, friends! If we stand together, nothing can stop us! ;OD_Common_SigismarWingspan;;;;
343090;For the first time in centuries, the Solstice Gate has opened. For the first time in ages, humanity will discover what lies beyond the gates.;OD_Rare_OpentheGates;;;;
327587;Foundry Armorer;AX_Common_FoundryArmorer;;;;
331171;Foundry Mechanic;"OD_Rare_FoundryMechanic;AX_Common_FoundryMechanic;AX_Rare_FoundryMechanic";;;;
331173;Frankenstein;AX_Common_Frankenstein;;;;
339734;Frog Prince;"OD_Common_FrogPrince;AX_Rare_FrogPrince";;;;
331196;Gain ${n} ${counter_name};SpecialEffect;;;;
317758;Gain ${resources_desc};Gain;;;;
317767;Game Flow;Altered;;;;
336686;Gigantic;Cards;;;;
343105;Green is good.;"MU_Common_YongSuVerdantWeaver;MU_Rare_YongSuVerdantWeaver";;;;
343152;HERO;Altered;;;;
343095;Harmony may bloom from a single act of kindness, as a rice field may sprout from a single grain of rice. ;MU_Common_Inari;;;;
318184;Hathor;LY_Common_Hathor;;;;
318215;Haven Bouncer;BR_Common_HavenBouncer;;;;
320433;Haven Trainee;BR_Common_HavenTrainee;;;;
339745;Haven Warrior;"BR_Common_HavenWarrior;BR_Rare_HavenWarrior";;;;
343058;Help or harm? Only the card will tell.;"YZ_Common_BabaYaga;YZ_Rare_BabaYaga";;;;
343055;Hero;"YZ_Common_AkeshaTaru;OD_Common_SigismarWingspan;MU_Common_TeijaNauraa;LY_Common_NevenkaBlotch;BR_Common_KojoBooda;AX_Common_SierraOddball";;;;
317788;Hero side;Altered;;;;
323688;Hero's expedition;"Notifications;InvokeToken";;;;
336558;Heroism counter;BR_Common_AtsadiSurge;;;;
343107;Hope you're not afraid of heights!;"MU_Rare_LyraClothDancer;LY_Common_LyraClothDancer";;;;
336687;I am considered present in each of your Expeditions.;Cards;;;;
336557;I begin the game with five Heroism counters.  When you play a Character with Hand Cost greater than or equal to my number of Heroism counters — Draw a card and I gain a Heroism counter.;BR_Common_AtsadiSurge;;;;
343149;I don't know if there's a better reward than seeing something you've built come to life.;AX_Common_SierraOddball;;;;
336695;I keep my boosts when I go to Reserve.;Cards;;;;
336684;If I would be sent to Reserve, discard me instead.;Cards;;;;
340257;If you take this action, you won't be able to undo past this step because you will either roll a dice, draw card(s) from the deck or the discard, or someone else is going to make a decision;Altered;;;;
343031;If you would roll one or more dice, instead roll that many dice plus one and ignore the roll of your choice.;LY_Rare_TheOuroborosLyraBastion;;;;
324023;In tie-breaker this power have no effect.;MoveExpedition;;;;
336636;In true Axiom fashion, Kelon Elementals like to put everything to the taste.;AX_Common_KelonElemental;;;;
317703;Inari;MU_Common_Inari;;;;
317736;Intimidation;BR_Common_Intimidation;;;;
327602;Invoke ${tokenName};InvokeToken;;;;
331634;Issun-Boshi;BR_Common_IssunBoshi;;;;
318121;Jeanne d'Arc;"OD_Common_JeannedArc;OD_Rare_JeannedArc";;;;
318241;Jian, Assembly Overseer;"AX_Common_JianAssemblyOverseer;AX_Rare_JianAssemblyOverseer";;;;
318088;Kadigiran Alchemist;"YZ_Common_KadigiranAlchemist;YZ_Rare_KadigiranAlchemist";;;;
343025;Kadigiran Mage-Dancer;LY_Rare_KadigiranMageDancer;;;;
318124;Kakoba, Legion Commander;"OD_Common_KakobaLegionCommander;OD_Rare_KakobaLegionCommander";;;;
336578;Kappa;BR_Common_Kappa;;;;
339753;Kelon Burst;AX_Common_KelonBurst;;;;
318243;Kelon Elemental;AX_Common_KelonElemental;;;;
327585;Kelon counter;AX_Common_BrassbugHub;;;;
331180;Kelon counters;AX_Common_KelonCylinder;;;;
339755;Kelonic Generator;AX_Rare_KelonicGenerator;;;;
317704;Kitsune;MU_Common_Kitsune;;;;
336656;"Kojo ""the rising star""";Altered;;;;
318219;Kojo & Booda;BR_Common_KojoBooda;;;;
318092;Kraken's Wrath;YZ_Common_KrakensWrath;;;;
318096;Lady of the Lake;YZ_Common_LadyoftheLake;;;;
327517;Landmark;Altered;;;;
317765;Layout;Altered;;;;
317759;Let ${player_name} gain ${resources_desc};Gain;;;;
331639;Let ${player_name} loose ${resources_desc};Loose;;;;
343059;Let me walk you to the door.;YZ_Common_BanishingGate;;;;
336665;Let your opponent take the initiative to better thwart their plans, slowly but surely.;Altered;;;;
343023;Like the Bravos, Lyras are drawn to freedom and the distant horizon.;"LY_Common_OuroborosTrickster;LY_Rare_OuroborosTrickster";;;;
318260;Lyra;"Statistics;Notifications;Stats;Altered;stats";;;;
318186;Lyra Chronicler;LY_Common_LyraChronicler;;;;
343106;Lyra Cloth Dancer;"MU_Rare_LyraClothDancer;LY_Common_LyraClothDancer";;;;
318190;Lyra Skald;LY_Common_LyraSkald;;;;
336702;MANA;Players;;;;
336688;Maw 0/0/0;Cards;;;;
318158;Meditation Training;"MU_Common_MeditationTraining;MU_Rare_MeditationTraining";;;;
342634;Monolith Archivist;YZ_Rare_MonolithArchivist;;;;
341259;Monolith Rune-Scribe;"OD_Common_MonolithRuneScribe;OD_Rare_MonolithRuneScribe";;;;
323690;Move expedition;"MoveCard;MoveExpedition";;;;
317553;Muna;"Statistics;Notifications;Stats;Altered;stats";;;;
317707;Muna Druid;MU_Common_MunaDruid;;;;
336680;My Expedition can't advance during Dusk.;Cards;;;;
343103;Nature must be nurtured to fully express its generosity.;MU_Common_TeijaNauraa;;;;
336658;"Nevenka ""the unpredictable""";Altered;;;;
318191;Nevenka & Blotch;LY_Common_NevenkaBlotch;;;;
331197;Next character <BOOST>;SpecialEffect;;;;
317691;No;"Statistics;stats";;;;
343145;No Brassbug would survive in the Tumult without armor.;AX_Common_FoundryArmorer;;;;
323679;No winner is found. New tiebreaker round starts;TurnTrait;;;;
343122;Not even the weight of the sky could make him buckle.;BR_Common_Atlas;;;;
336606;Nothing is created, nothing is lost, everything is transformed.;AX_Common_AxiomReprocessor;;;;
323677;Number of days;"Statistics;stats";;;;
317546;Number of turns;"Statistics;stats";;;;
318160;Nurture;"MU_Common_Nurture;MU_Rare_Nurture";;;;
327526;Off you go!;"YZ_Common_Offyougo;LY_Rare_Offyougo";;;;
317776;"Only ""Restart turn"" button";Altered;;;;
317778;"Only ""Undo last step"" button";Altered;;;;
343109;Only in harmony can the world thrive.;MU_Rare_Parvati;;;;
343127;Only the bravest can enter Haven.;BR_Common_HavenBouncer;;;;
340303;Open the Gates;OD_Rare_OpentheGates;;;;
318258;Ordis;"Statistics;Notifications;Stats;Altered;stats";;;;
318128;Ordis Carrier;OD_Common_OrdisCarrier;;;;
341257;Ordis Gatekeeper;OD_Common_OrdisGatekeeper;;;;
318130;Ordis Recruit;OD_Common_OrdisRecruit;;;;
336689;Ordis Recruit 1/1/1;Cards;;;;
318133;Ordis Spy;"OD_Common_OrdisSpy;OD_Rare_OrdisSpy";;;;
318134;Ordis Trooper;"OD_Common_OrdisTrooper;OD_Rare_OrdisTrooper";;;;
317768;Other;Altered;;;;
336543;Ouroboros Croupier;LY_Common_OuroborosCroupier;;;;
318196;Ouroboros Trickster;"LY_Common_OuroborosTrickster;LY_Rare_OuroborosTrickster";;;;
336548;Paint Prison;"LY_Common_PaintPrison;LY_Rare_PaintPrison";;;;
341263;Parvati;MU_Rare_Parvati;;;;
317694;Pass;"AbstractNode;Altered";;;;
317800;Pass action;Game;;;;
336490;Permanent - Landmark;"OD_Common_OrdisCarrier;OD_Common_TheMonolithOrdisBastion;LY_Rare_TheOuroborosLyraBastion;BR_Rare_TheSpindleMunaBastion;AX_Common_AxiomReprocessor;AX_Common_BrassbugHive;AX_Common_BrassbugHub;AX_Rare_BrassbugHive;AX_Rare_KelonicGenerator;AX_Rare_TheOuroborosLyraBastion";;;;
317742;Physical Training;"MU_Rare_PhysicalTraining;BR_Common_PhysicalTraining;BR_Rare_PhysicalTraining";;;;
331194;Play ${card_name};PlayCard;;;;
336651;Play a card;PlayCard;;;;
317766;Player Board/Panel;Altered;;;;
343141;Pushing back the Tumult sometimes prevents other Alterers from materializing their Eidolons. Regrettable, but necessary.;"AX_Common_AxiomScrambler;AX_Rare_AxiomScrambler";;;;
336649;Put ${n} to mana;DrawMana;;;;
336691;Put the top card of your deck in Reserve.;Cards;;;;
318222;Ratatoskr;"OD_Rare_Ratatoskr;BR_Common_Ratatoskr;BR_Rare_Ratatoskr";;;;
320911;Reserve;Altered;;;;
317782;Restart turn;Altered;;;;
317775;Restart turn buttons;Altered;;;;
336690;Resupply;Cards;;;;
331195;Resupply ${n};Resupply;;;;
320423;Roll ${n} die;RollDie;;;;
336515;Roll a die. Target Character gains X boosts$[BB], where X is the result.;LY_Common_AllIn;;;;
336692;Sabotage;Cards;;;;
341676;Sacrifice ${card};Discard;;;;
318100;Sakarabru;"YZ_Common_Sakarabru;YZ_Rare_Sakarabru";;;;
336694;Seasoned;Cards;;;;
336668;Selected cards will join your mana pool;Altered;;;;
336685;Send me to Discard instead of Reserve after my effect resolves.;Cards;;;;
336474;Send to Reserve target Character with Hand Cost {3} or less.;"YZ_Common_Offyougo;LY_Rare_Offyougo";;;;
317795;Settings;Altered;;;;
343067;She won't read the future in the stars, she'll change it herself.;YZ_Common_YzmirStargazer;;;;
343074;She'll be followed long after she's gone.;"OD_Common_JeannedArc;OD_Rare_JeannedArc";;;;
336589;Shenlong;BR_Rare_Shenlong;;;;
317796;Show cards;Cards;;;;
336654;"Sierra ""the renowned engineer""";Altered;;;;
318248;Sierra & Oddball;AX_Common_SierraOddball;;;;
336662;"Sigismar ""the commander""";Altered;;;;
318137;Sigismar & Wingspan;OD_Common_SigismarWingspan;;;;
317712;Sneezer Shroom;"MU_Common_SneezerShroom;MU_Rare_SneezerShroom";;;;
343066;So far behind, and still so much to learn!;YZ_Common_StudiousDisciple;;;;
343084;Some lessons stick better than others.;OD_Common_StickyNoteSeals;;;;
343102;Some say the harvesters are the caretakers of the world-trees.;MU_Common_SpindleHarvesters;;;;
317792;Spell;Altered;;;;
336504;Spell - Boon;"MU_Common_MeditationTraining;MU_Common_Nurture;MU_Rare_MeditationTraining;MU_Rare_Nurture;MU_Rare_PhysicalTraining;LY_Common_AllIn;BR_Common_PhysicalTraining;BR_Rare_PhysicalTraining";;;;
336472;Spell - Disruption;"YZ_Common_BanishingGate;YZ_Common_KrakensWrath;YZ_Common_Offyougo;YZ_Common_SpyCraft;YZ_Rare_BeautySleep;OD_Common_StickyNoteSeals;MU_Common_BeautySleep;LY_Common_PaintPrison;LY_Rare_Offyougo;LY_Rare_PaintPrison;BR_Common_Intimidation;AX_Common_KelonBurst";;;;
336483;Spell - Maneuver;"OD_Common_Charge;OD_Rare_OpentheGates";;;;
317761;Spell cleanup;SpellCleanup;;;;
318162;Spindle Harvesters;MU_Common_SpindleHarvesters;;;;
318103;Spy Craft;YZ_Common_SpyCraft;;;;
341683;Starter decks;"Gameoptions;gameoptions";;;;
339736;Sticky Note Seals;OD_Common_StickyNoteSeals;;;;
343080;Stirred, but not shaken.;"OD_Common_OrdisSpy;OD_Rare_OrdisSpy";;;;
327530;Studious Disciple;YZ_Common_StudiousDisciple;;;;
336657;Summon your firecat Companion to seize the advantage without delay, for only the brave make history!;Altered;;;;
327512;Sun Wukong;"BR_Common_SunWukong;BR_Rare_SunWukong";;;;
323691;Support ability;Altered;;;;
336663;Take the reins of the Ordis Legion and secure victory through sheer numbers!;Altered;;;;
336550;Tanuki;"LY_Common_Tanuki;LY_Rare_Tanuki";;;;
324036;Target ${n} card(s) to ${effect_desc};Target;;;;
324030;Target ${n} character(s) to ${effect_desc};Target;;;;
324033;Target ${n} permanent(s) to ${effect_desc};Target;;;;
336554;Target Character gains $[ASLEEP].;LY_Common_TwinkleTwinkle;;;;
336585;Target Character gains 3 boosts$[BB].;"MU_Rare_PhysicalTraining;BR_Common_PhysicalTraining";;;;
340310;Target Character gains 3 boosts$[BB].  #Draw a card.#;BR_Rare_PhysicalTraining;;;;
343068;Target Character gains [ASLEEP]. (During Dusk, ignore its statistics. During Rest, it doesn't go to Reserve and it loses Asleep.);"YZ_Rare_BeautySleep;MU_Common_BeautySleep";;;;
336630;Target Character switches Expeditions. (It leaves its Expedition and joins its controller's other Expedition.);AX_Common_Hooked;;;;
343097;Target Character with Hand Cost {3} or less gains [ANCHORED]. (During Rest, it doesn't go to Reserve and it loses Anchored.);"MU_Common_MeditationTraining;MU_Rare_MeditationTraining";;;;
324034;Target up to ${n} card(s) (of max hand cost of ${totalCost}) to ${effect_desc};Target;;;;
324035;Target up to ${n} card(s) to ${effect_desc};Target;;;;
324028;Target up to ${n} character(s) (of max hand cost of ${totalCost}) to ${effect_desc};Target;;;;
324029;Target up to ${n} character(s) to ${effect_desc};Target;;;;
324031;Target up to ${n} permanent(s) (of max hand cost of ${totalCost}) to ${effect_desc};Target;;;;
324032;Target up to ${n} permanent(s) to ${effect_desc};Target;;;;
336660;"Teija ""the druidess""";Altered;;;;
318163;Teija & Nauraa;MU_Common_TeijaNauraa;;;;
343079;The Aegis Sentinel opened the door and stepped aside to let her through, acknowledging her with a nod as she passed.;OD_Common_OrdisGatekeeper;;;;
343140;The Axiom's limited resources pushed them to reuse whatever they could.;AX_Common_AxiomSalvager;;;;
343030;The Expeditionary Corps' mobile outpost soars high, like a spinning wheel weaving the wind. ;"LY_Rare_TheOuroborosLyraBastion;AX_Rare_TheOuroborosLyraBastion";;;;
341684;The Monolith, Ordis Bastion;OD_Common_TheMonolithOrdisBastion;;;;
343076;The Ordis manifest their Alteration through the use of glyphs of power.;"OD_Common_MonolithRuneScribe;OD_Rare_MonolithRuneScribe";;;;
341672;The Ouroboros, Lyra Bastion;"LY_Rare_TheOuroborosLyraBastion;AX_Rare_TheOuroborosLyraBastion";;;;
328053;The Spindle, Muna Bastion;BR_Rare_TheSpindleMunaBastion;;;;
343094;The children of Yggdrasil now take care of the world trees.;MU_Common_DaughterofYggdrasil;;;;
336509;The first Character you play each Afternoon gains 1 boost$[BB].;MU_Common_TeijaNauraa;;;;
343078;The flow of Ordis Recruits seems to go on forever.;OD_Common_OrdisCarrier;;;;
343075;"The general who became a scholar; the scholar who became a senator.";"OD_Common_KakobaLegionCommander;OD_Rare_KakobaLegionCommander";;;;
343120;The house never loses.;LY_Common_OuroborosCroupier;;;;
317756;The opponent draws ${n} card(s);Draw;;;;
343022;The roaring waves crashed down over the charging armies, and countless soldiers vanished beneath the raging waters.;YZ_Common_KrakensWrath;;;;
343130;The terrible beast shrank and cowered before the might of the Bravos.;BR_Common_Intimidation;;;;
340256;The tiebreaker is triggered as heroes reached their companions at the same time;Players;;;;
343112;There's a time to be cautious, and a time to bet it all!;LY_Common_AllIn;;;;
343147;There's an enduring legend in the Suspira quarries: the existence of another type of Kelon.;AX_Common_KelonBurst;;;;
317514;This game action is impossible right now;Altered;;;;
336634;This little battery is Axiom's trump card. The Kelon produces phenomenal energy, for which engineers find new applications every day.;AX_Common_KelonCylinder;;;;
343065;This message will self-destruct in five seconds.;YZ_Common_SpyCraft;;;;
339756;Three Little Pigs;"AX_Common_ThreeLittlePigs;AX_Rare_ThreeLittlePigs";;;;
343063;Time to kiss Kansas goodbye.;"YZ_Common_Offyougo;LY_Rare_Offyougo";;;;
339758;Together they can build more than just a stone house.;"AX_Common_ThreeLittlePigs;AX_Rare_ThreeLittlePigs";;;;
317794;Toggle help/safe mode.;Altered;;;;
336561;Token - Companion;BR_Common_Booda;;;;
336492;Token - Soldier;OD_Common_OrdisRecruit;;;;
340301;Tooth Fairy;YZ_Rare_ToothFairy;;;;
324027;Total hand cost exceeds the limit of the effect;Target;;;;
336696;Tough 1;Cards;;;;
336698;Tough 2;Cards;;;;
336700;Tough X;Cards;;;;
317518;Turn confirmation;"Gameoptions;gamepreferences";;;;
317550;Undo here;Notifications;;;;
317781;Undo last step;Altered;;;;
317520;Undoable actions confirmation;"Gameoptions;gamepreferences";;;;
339740;Up to two target Characters each gain #2 boosts$[BB]#.;MU_Rare_Nurture;;;;
336507;Up to two target Characters each gain 1 boost$[BB].;MU_Common_Nurture;;;;
320419;Wait next turn;AfterYou;;;;
323672;Waiting for other players to select cards to discard as mana;Status bar (game state);;;;
317521;Waiting for others to choose their deck;Status bar (game state);;;;
336460;Waiting for others to choose their faction;Status bar (game state);;;;
343113;Wanna play a game?;"LY_Common_Asmodeus;LY_Rare_Asmodeus";;;;
336628;We sometimes look for companionship in the strangest life forms.;AX_Common_Frankenstein;;;;
343117;We're all stories, in the end.;LY_Common_LyraSkald;;;;
343129;We've all lived through some things. But she's been through worse.;"BR_Common_HavenWarrior;BR_Rare_HavenWarrior";;;;
343143;What could possibly go wrong with an adorable little self-replicating autonomous robot?;"AX_Common_BrassbugHive;AX_Rare_BrassbugHive";;;;
336659;What's better than invoking fate to spice up a game? Are you ready to embrace the whims of destiny?;Altered;;;;
343056;Whatever ordeals we may face, good manners and politeness are always in fashion!;YZ_Common_AkeshaTaru;;;;
336546;When I go to Reserve from the Expedition zone — You may return another card from your Reserve to your hand.;LY_Common_OuroborosInkcaster;;;;
336592;When I leave the Expedition zone, if I'm [BOOSTED] — Put me in my owner's Mana zone (as an exhausted Mana Orb).  {R} I gain 1 boost.;BR_Common_TinyJinn;;;;
343088;When I leave the Expedition zone — Create #two# [ORDIS_RECRUIT] Soldier tokens in each of your Expeditions.;OD_Rare_JeannedArc;;;;
343073;When I leave the Expedition zone — Create an [ORDIS_RECRUIT] Soldier token in each of your Expeditions.;OD_Common_JeannedArc;;;;
343085;When a Character joins your Expeditions — It gains 1 boost$[BB].;OD_Common_TheMonolithOrdisBastion;;;;
336560;When a Character you control gains 1 or more boosts — You may exhaust me ({T}) to have target Character gain 1 boost$[BB].;BR_Common_BasiraKaizaimon;;;;
343064;When such a terrifying being appears in your path, taking a step back is only natural.;"YZ_Common_Sakarabru;YZ_Rare_Sakarabru";;;;
343100;When the sun shines, we'll shine together.;"MU_Common_Nurture;MU_Rare_Nurture";;;;
343028;When you #roll one or more dice# — I gain 1 boost$[BB].;LY_Rare_KadigiranMageDancer;;;;
343148;When you play a Permanent with Hand Cost {3} or more — You may exhaust me ({T}) to create a [BRASSBUG] Robot token in target Expedition.;AX_Common_SierraOddball;;;;
317787;Where do you want to play that card?;Altered;;;;
327511;Winner;"Statistics;stats";;;;
343137;Within the Spindle's trunk is the Bark Refuge, the sanctuary where the Muna converse with sentient plants.;BR_Rare_TheSpindleMunaBastion;;;;
317692;Yes;"Statistics;stats";;;;
343069;Yet beware of splinters of flax.;"YZ_Rare_BeautySleep;MU_Common_BeautySleep";;;;
341265;Yong-Su, Verdant Weaver;"MU_Common_YongSuVerdantWeaver;MU_Rare_YongSuVerdantWeaver";;;;
317801;You;Game;;;;
343092;You can feel it in the trees, deep beneath their roots – the very heartbeat of nature.;MU_Common_Cernunnos;;;;
343087;You can't choose when and where a quick fix will be needed.;"OD_Rare_FoundryMechanic;AX_Common_FoundryMechanic;AX_Rare_FoundryMechanic";;;;
317549;You can't take an irreversible action if there is a mandatory undoable action pending (eg unpayable Venom fee);Engine;;;;
328059;You cannot pay the additional cost (Tough effect);Target;;;;
317564;You discard ${card_names};Notifications;;;;
317590;You draw ${card_names} from the deck (scoring cards);Notifications;;;;
317568;You draw ${card_names} from your deck;Notifications;;;;
320122;You draw ${card_names} from your deck (${card_name2}'s effect);Player;;;;
341677;You draw ${card_names} from your deck and must keep 1 (${card_name2}'s effect combined with The Ouroboros, Lyra Bastion);Resupply;;;;
317547;You must select the correct number of cards to put as mana;NewDayTrait;;;;
317555;You place ${card_names} as mana;Notifications;;;;
320421;You put ${card_names} from your deck in Reserve (${card_name2}'s effect);Resupply;;;;
327605;Your mana cards;Cards;;;;
336697;Your opponent's Spells and abilities that target me cost {1} more.;Cards;;;;
336699;Your opponent's Spells and abilities that target me cost {2} more.;Cards;;;;
336701;Your opponent's Spells and abilities that target me cost {X} more.;Cards;;;;
343024;Your problem is a lack of perspective.;"LY_Common_PaintPrison;LY_Rare_PaintPrison";;;;
343091;You’re nuts if you think you can keep up with this little one!;"OD_Rare_Ratatoskr;BR_Common_Ratatoskr;BR_Rare_Ratatoskr";;;;
318261;Yzmir;"Statistics;Notifications;Stats;Altered;stats";;;;
318108;Yzmir Stargazer;YZ_Common_YzmirStargazer;;;;
341682;[Demo decks];"Gameoptions;gameoptions";;;;
327600;activate {J} effect;ActivateEffect;;;;
331190;activate {J} effect of ${card_name};ActivateEffect;;;;
317513;altered_displayed;Game name;;;;
317670;appeal;Notifications;;;;
317672;conservation;Notifications;;;;
324020;discard to ${location} ${card};Discard;;;;
331638;loose ${resources_desc};Loose;;;;
317669;money;Notifications;;;;
331193;move ${card_name} to opposite expedition;MoveCard;;;;
331192;move a character to opposite expedition;MoveCard;;;;
341679;opposite of played card;Altered;;;;
343032;put ${card} on top of it's owner deck;Discard;;;;
317671;reputation;Notifications;;;;
331976;source;Altered;;;;
317673;xtoken;Notifications;;;;
327603;{${n}};UseCounter;;;;
336525;{D} : Return another card from your Reserve to your hand. (Discard me from Reserve to do this.);LY_Common_Hathor;;;;
336505;{D} : Target Character with Hand Cost {3} or less gains [ANCHORED]. (Discard me from Reserve to do this.);"MU_Common_MunaDruid;LY_Common_TheHatter";;;;
336574;{D} : The next Character you play this turn gains 1 boost. (Discard me from Reserve to do this.);BR_Common_IssunBoshi;;;;
336625;{D} : The next Permanent you play this turn costs {1} less. (Discard me from Reserve to do this.);"OD_Rare_FoundryMechanic;AX_Common_FoundryMechanic;AX_Rare_FoundryMechanic";;;;
336478;{D} : The next Spell you play this turn costs {1} less. (Discard me from Reserve to do this.);YZ_Common_StudiousDisciple;;;;
336467;{D} : [AFTER_YOU]. (Discard me from Reserve to do this.);"YZ_Common_Alice;YZ_Rare_Alice";;;;
336524;{H} $[RESUPPLY].;LY_Common_Esmeralda;;;;
336493;{H} $[SABOTAGE].;"YZ_Rare_ToothFairy;OD_Common_OrdisSpy;LY_Common_Tanuki;AX_Common_AxiomScrambler;AX_Rare_AxiomScrambler";;;;
340306;{H} $[SABOTAGE].  #{R} Create an [ORDIS_RECRUIT] Soldier token in my Expedition.#;OD_Rare_OrdisSpy;;;;
340309;{H} $[SABOTAGE].  #{R} Roll a die. On a 4 or higher, [SABOTAGE].#;LY_Rare_Tanuki;;;;
336567;{H} $[SABOTAGE].  {R} I gain 1 boost.;BR_Common_HavenBouncer;;;;
342630;{H} Draw a card.;"YZ_Common_BabaYaga;YZ_Rare_BabaYaga";;;;
336501;{H} Each player draws a card.;MU_Common_Kitsune;;;;
339732;{H} I gain #3 boosts$[BB]#.;YZ_Rare_KadigiranAlchemist;;;;
336469;{H} I gain 2 boosts$[BB].;YZ_Common_KadigiranAlchemist;;;;
336635;{H} Put a card from your hand in Reserve.;AX_Common_KelonElemental;;;;
339742;{H} Roll a die. On a 4 or higher, draw a card. Otherwise, $[RESUPPLY].;LY_Common_OuroborosCroupier;;;;
336500;{H} Target opponent draws a card.;MU_Common_DaughterofYggdrasil;;;;
336552;{H} Up to one target Character gains $[ASLEEP].;LY_Common_TheSandman;;;;
336529;{H} Up to one target Character gains [FLEETING_CHAR]. (If it would be sent to Reserve, discard it instead.);"MU_Rare_LyraClothDancer;LY_Common_LyraClothDancer";;;;
336468;{H} You may send target Character to Reserve.;"YZ_Common_DorothyGale;BR_Rare_DorothyGale";;;;
336475;{H} Your opponent's Expedition facing mine moves backwards one region.;"YZ_Common_Sakarabru;YZ_Rare_Sakarabru";;;;
343142;{J} Create a [BRASSBUG] Robot token in target Expedition.  At Noon — Create a [BRASSBUG] Robot token in target Expedition.;AX_Common_BrassbugHive;;;;
343150;{J} Create a [BRASSBUG] Robot token in target Expedition.  At Noon — Create a [BRASSBUG] Robot token in target Expedition.  #When a Robot joins your Expeditions — It gains 1 boost.#;AX_Rare_BrassbugHive;;;;
341258;{J} Create an [ORDIS_RECRUIT] Soldier token in your other Expedition.;OD_Common_OrdisGatekeeper;;;;
336531;{J} Draw a card.  At Dusk — If you control a [FLEETING] Character, another [ANCHORED] Character and yet another [ASLEEP] Character, you win the game.;LY_Common_LyraFestival;;;;
336498;{J} I gain $[ANCHORED].;"MU_Common_ConiferalConeman;MU_Common_SneezerShroom;MU_Common_SpindleHarvesters;MU_Rare_ConiferalConeman";;;;
343111;{J} I gain $[ANCHORED].  #At Noon — I gain 1 boost$[BB].#;MU_Rare_SneezerShroom;;;;
343125;{J} I gain [FLEETING_CHAR]. (If I would be sent to Reserve, discard me instead.);"BR_Common_BravosTracer;BR_Rare_BravosTracer";;;;
343144;{J} I gain three Kelon counters.  At Noon — You may pay {1} and spend one of my Kelon counters to create a [BRASSBUG] Robot token in target Expedition.;AX_Common_BrassbugHub;;;;
339739;{J} If you control three or more other Characters, I gain #3 boosts$[BB]#. (Cards in Reserve are not controlled.);OD_Rare_KakobaLegionCommander;;;;
336485;{J} If you control three or more other Characters, I gain 2 boosts$[BB]. (Cards in Reserve are not controlled.);OD_Common_KakobaLegionCommander;;;;
339761;{J} If you control two or more Landmarks, I gain #2 boosts$[BB]#. (Cards in Reserve are not controlled.);AX_Rare_ThreeLittlePigs;;;;
339757;{J} If you control two or more Landmarks, I gain 1 boost$[BB]. (Cards in Reserve are not controlled.);AX_Common_ThreeLittlePigs;;;;
343104;{J} If you control two or more Plants, I gain 2 boosts$[BB]. (Cards in Reserve are not controlled.);"MU_Common_YongSuVerdantWeaver;MU_Rare_YongSuVerdantWeaver";;;;
339743;{J} Roll a die. On a 4 or higher, I gain #3 boosts#. Otherwise, I gain 1 boost$[BB].;LY_Rare_OuroborosTrickster;;;;
336522;{J} Roll a die. On a 4 or higher, I gain $[ANCHORED]. Otherwise, I gain 3 boosts$[BB].;"LY_Common_Asmodeus;LY_Rare_Asmodeus";;;;
336547;{J} Roll a die. On a 4 or higher, I gain 2 boosts. Otherwise, I gain 1 boost$[BB].;LY_Common_OuroborosTrickster;;;;
340307;{R} #Create two [ORDIS_RECRUIT] Soldier tokens in my Expedition.#;OD_Rare_Ratatoskr;;;;
336607;{R} $[RESUPPLY].;AX_Common_AxiomSalvager;;;;
336621;{R} Create a [BRASSBUG] Robot token in target Expedition.;AX_Common_FoundryArmorer;;;;
339750;{R} I gain #3 boosts$[BB]#.;BR_Rare_Ratatoskr;;;;
339751;{R} I gain 2 boosts$[BB] #and lose [FLEETING_CHAR]#.;BR_Rare_SunWukong;;;;
336569;{R} I gain 2 boosts$[BB].;"BR_Common_HavenTrainee;BR_Common_Ratatoskr;BR_Common_SunWukong";;;;
336627;{R} You may activate the {j} triggers of target Permanent you control.;AX_Common_Frankenstein;;;;
336465;{T} : $[AFTER_YOU]. You can only activate this if you are the first player.;YZ_Common_AkeshaTaru;;;;
336633;{T} : I gain two Kelon counters.  {T}, Spend one of my Kelon counters: the next Character you play this turn gains 1 boost$[BB].;AX_Common_KelonCylinder;;;;
343118;{T} : Target a Character you control, then roll a die. On a:  • 6+, it gains [ANCHORED]. (During Rest, it doesn't go to Reserve and it loses Anchored.)  • 2-5, it gains 1 boost$[BB].  • 1, send it to Reserve.;LY_Common_NevenkaBlotch;;;;
